trial,config,variant,seed,lr,temperature,sampling_lr,val_loss,clean_accuracy,ECE,nll,OOD AUROC,SHIFT ACCURACY,SHIFT ECE,samples_file
1,verycold,nonpacked,301,0.5,0.001,1e-05,0.492905,0.8371,63.3326,1.6763,0.8859,0.8024,60.2828,experiment_results/cifar10_resnet20_no_SAM/sgld_samples_resnet20_cifar10_SGLD_seed301.txt
2,cold,nonpacked,302,0.5,0.0001,0.0001,0.569554,0.8237,62.0500,1.6856,0.8944,0.7878,58.9144,experiment_results/cifar10_resnet20_no_SAM/sgld_samples_resnet20_cifar10_SGLD_seed302.txt
3,baseline,nonpacked,303,0.5,0.001,0.0001,0.481147,0.8293,62.6105,1.6827,0.8990,0.7934,59.4607,experiment_results/cifar10_resnet20_no_SAM/sgld_samples_resnet20_cifar10_SGLD_seed303.txt
4,warm,nonpacked,304,0.5,0.01,0.0001,0.490948,0.8660,65.5089,1.6308,0.9137,0.8150,60.9299,experiment_results/cifar10_resnet20_no_SAM/sgld_samples_resnet20_cifar10_SGLD_seed304.txt
5,base_hi,nonpacked,305,0.5,0.001,0.001,0.481811,0.8448,64.0322,1.6666,0.9114,0.7922,59.3902,experiment_results/cifar10_resnet20_no_SAM/sgld_samples_resnet20_cifar10_SGLD_seed305.txt
6,warm_mid,nonpacked,306,0.5,0.01,0.0003,0.531484,0.8417,63.8874,1.6736,0.9098,0.7887,59.2231,experiment_results/cifar10_resnet20_no_SAM/sgld_samples_resnet20_cifar10_SGLD_seed306.txt
7,warm_hi,nonpacked,307,0.5,0.01,0.001,0.497267,0.8153,61.3506,1.6956,0.9024,0.7843,58.6323,experiment_results/cifar10_resnet20_no_SAM/sgld_samples_resnet20_cifar10_SGLD_seed307.txt
8,hot,nonpacked,308,0.5,0.03,0.001,0.52853,0.8096,61.1902,1.7145,0.9060,0.7766,58.3146,experiment_results/cifar10_resnet20_no_SAM/sgld_samples_resnet20_cifar10_SGLD_seed308.txt
9,very_hot,nonpacked,309,0.5,0.1,0.001,0.489634,0.8254,62.4127,1.6912,0.8989,0.7900,59.3246,experiment_results/cifar10_resnet20_no_SAM/sgld_samples_resnet20_cifar10_SGLD_seed309.txt
10,verycold,packed,310,0.5,0.001,1e-05,0.805936,0.8533,65.2781,1.6772,0.9066,0.8091,61.4823,experiment_results/cifar10_resnet20_no_SAM/sgld_samples_resnet20_cifar10_SGLD_packed_seed310.txt
11,cold,packed,311,0.5,0.0001,0.0001,0.776109,0.8250,63.0696,1.7184,0.9202,0.7793,59.0932,experiment_results/cifar10_resnet20_no_SAM/sgld_samples_resnet20_cifar10_SGLD_packed_seed311.txt
12,baseline,packed,312,0.5,0.001,0.0001,0.789955,0.8165,62.5337,1.7361,0.9107,0.7663,58.0712,experiment_results/cifar10_resnet20_no_SAM/sgld_samples_resnet20_cifar10_SGLD_packed_seed312.txt
13,warm,packed,313,0.5,0.01,0.0001,0.815187,0.7243,54.9598,1.8487,0.9075,0.6986,52.6899,experiment_results/cifar10_resnet20_no_SAM/sgld_samples_resnet20_cifar10_SGLD_packed_seed313.txt
14,base_hi,packed,314,0.5,0.001,0.001,0.75943,0.7452,56.8270,1.8312,0.9032,0.7176,54.3830,experiment_results/cifar10_resnet20_no_SAM/sgld_samples_resnet20_cifar10_SGLD_packed_seed314.txt
15,warm_mid,packed,315,0.5,0.01,0.0003,0.743853,0.7384,56.2013,1.8354,0.9066,0.7120,53.8742,experiment_results/cifar10_resnet20_no_SAM/sgld_samples_resnet20_cifar10_SGLD_packed_seed315.txt
16,warm_hi,packed,316,0.5,0.01,0.001,0.752859,0.7369,55.9800,1.8334,0.8839,0.7098,53.6036,experiment_results/cifar10_resnet20_no_SAM/sgld_samples_resnet20_cifar10_SGLD_packed_seed316.txt
17,hot,packed,317,0.5,0.03,0.001,0.778331,0.7304,55.5101,1.8431,0.9021,0.7002,52.8430,experiment_results/cifar10_resnet20_no_SAM/sgld_samples_resnet20_cifar10_SGLD_packed_seed317.txt
18,very_hot,packed,318,0.5,0.1,0.001,0.749953,0.7387,56.2848,1.8382,0.9048,0.7125,53.9750,experiment_results/cifar10_resnet20_no_SAM/sgld_samples_resnet20_cifar10_SGLD_packed_seed318.txt
19,vc_deep,packed,319,0.5,0.001,1e-06,0.765491,0.7407,56.3539,1.8315,0.9066,0.7179,54.3738,experiment_results/cifar10_resnet20_no_SAM/sgld_samples_resnet20_cifar10_SGLD_packed_seed319.txt
20,vc_lowT,packed,320,0.5,0.0001,1e-05,0.770754,0.7340,55.8262,1.8404,0.8885,0.7062,53.3800,experiment_results/cifar10_resnet20_no_SAM/sgld_samples_resnet20_cifar10_SGLD_packed_seed320.txt
21,vc_hiT,packed,321,0.5,0.003,1e-05,0.771015,0.7297,55.3771,1.8403,0.8851,0.7058,53.3013,experiment_results/cifar10_resnet20_no_SAM/sgld_samples_resnet20_cifar10_SGLD_packed_seed321.txt
22,vc_step,packed,322,0.5,0.001,3e-05,0.799259,0.7150,54.1173,1.8568,0.8707,0.6920,52.1181,experiment_results/cifar10_resnet20_no_SAM/sgld_samples_resnet20_cifar10_SGLD_packed_seed322.txt
,sgd_single,nonpacked,,,,,,0.9053,3.8445,0.3139,0.9105,0.8428,7.3700,
,sgd_ensemble,nonpacked,,,,,,0.9301,2.4343,0.2188,0.9093,0.8841,4.2722,
,sgd_packed,packed,,,,,,0.8962,1.4975,0.3158,0.9161,0.8405,0.8022,
